[{
    "Id": 1,
    "First Name": "priya",
    "Last Name": "Sharma",
    "E-mail": "priya@gmail.com",
    "Birthdate": "1997-08-05"
},
{
    "Id": 2,
    "First Name": "Raj",
    "Last Name": "Rao",
    "E-mail": "raj@gmail.com",
    "Birthdate": "1997-08-05"
},
{
    "Id": 3,
    "First Name": "adhiti",
    "Last Name": "kapoor",
    "E-mail": "adhiti@gmail.com",
    "Birthdate": "1997-08-05"
},
{
    "Id": 4,
    "First Name": "shree",
    "Last Name": "ram",
    "E-mail": "ram@gmail.com",
    "Birthdate": "1997-08-05"
}]